artwork_reference_number,title,artwork_description,artwork_sort_order,artwork_year,drupal_url,body_text,link,drupal_nid,drupal_post_date,published,artwork_url_original,artwork_url_thumbnail
227,Central Park pond,82 x 108 in | 208 x 274 cm,,2019,/artwork/central-park-pond,,/artwork/central-park-pond,260,1/24/19 19:17,Yes,http://www.enaswansea.com/sites/default/files/artwork/227/227centralparkpondforwebsite.jpg,http://www.enaswansea.com/sites/default/files/imagecache/tiny_thumbnail/artwork/227/227centralparkpondforwebsite.jpg
228,into the tress,40 x 86 in | 102 x 218 cm,,2019,/artwork/into-the-tress,,/artwork/into-the-tress,261,1/24/19 19:18,Yes,http://www.enaswansea.com/sites/default/files/artwork/228/228intothetreesadjforwebsite.jpg,http://www.enaswansea.com/sites/default/files/imagecache/tiny_thumbnail/artwork/228/228intothetreesadjforwebsite.jpg
229,sitting onnagata,48 x 72 in | 122 x 183 cm,,2019,/artwork/sitting-onnagata,,/artwork/sitting-onnagata,262,1/24/19 19:29,Yes,http://www.enaswansea.com/sites/default/files/artwork/229/229sittingonnagataforwebsite.jpg,http://www.enaswansea.com/sites/default/files/imagecache/tiny_thumbnail/artwork/229/229sittingonnagataforwebsite.jpg
18,boy with a sword,"oil on graphite on linen, 96 x 72 in (244 x 183 cm)",0,2003,/artwork/boy-with-a-sword,"oil on graphite on linen, 96 x 72 in (244 x 183 cm)",/artwork/boy-with-a-sword,127,9/24/10 20:55,Yes,http://www.enaswansea.com/sites/default/files/artwork/18/18boywithasword.jpg,http://www.enaswansea.com/sites/default/files/imagecache/tiny_thumbnail/artwork/18/18boywithasword.jpg
51,agent,96 x 60 in (244 x 152.4 cm),0,2004,/artwork/agent,"oil on graphite on linen, 96 x 60 in (244 x 152.4 cm)",/artwork/agent,94,9/24/10 20:41,Yes,http://www.enaswansea.com/sites/default/files/artwork/51/51agent.jpg,http://www.enaswansea.com/sites/default/files/imagecache/tiny_thumbnail/artwork/51/51agent.jpg
65,bee rider,72 x 96 in (182.9 x 234.8 cm),0,2005,/artwork/bee-rider,"oil on graphite on linen, 72 x 96 in (182.9 x 234.8 cm)",/artwork/bee-rider,80,9/24/10 20:41,Yes,http://www.enaswansea.com/sites/default/files/artwork/65/65beerider.jpg,http://www.enaswansea.com/sites/default/files/imagecache/tiny_thumbnail/artwork/65/65beerider.jpg
85,watching TV,72 x 96 in (182.88 x 243.84 cm),0,2006,/artwork/watching-tv,"oil on graphite on linen, 72 x 96 in (182.88 x 243.84 cm)",/artwork/watching-tv,60,9/24/10 20:41,Yes,http://www.enaswansea.com/sites/default/files/artwork/85/87watchingtv150.jpg,http://www.enaswansea.com/sites/default/files/imagecache/tiny_thumbnail/artwork/85/87watchingtv150.jpg
89,slow man,78 x 96 in (198.1 x 243.8 cm),0,2007,/artwork/slow-man,"oil on graphite on linen, 78 x 96 in (198.1 x 243.8 cm)",/artwork/slow-man,56,9/24/10 20:41,Yes,http://www.enaswansea.com/sites/default/files/artwork/89/91slowman150.jpg,http://www.enaswansea.com/sites/default/files/imagecache/tiny_thumbnail/artwork/89/91slowman150.jpg
100,Kembra 2,48.5 x 84.25 in (123.19 x 233 cm),0,2008,/artwork/kembra-2,"oil on graphite on linen, 48.5 x 84.25 in (123.19 x 233 cm)",/artwork/kembra-2,45,9/24/10 20:41,Yes,http://www.enaswansea.com/sites/default/files/artwork/100/103kembra2150.jpg,http://www.enaswansea.com/sites/default/files/imagecache/tiny_thumbnail/artwork/100/103kembra2150.jpg
111,rug rats,114 x 90 in (289.6 x 228.6 cm),0,2009,/artwork/rug-rats,"oil on graphite on linen, 114 x 90 in (289.6 x 228.6 cm)",/artwork/rug-rats,34,9/24/10 20:41,Yes,http://www.enaswansea.com/sites/default/files/artwork/111/114rugrats150.jpg,http://www.enaswansea.com/sites/default/files/imagecache/tiny_thumbnail/artwork/111/114rugrats150.jpg
121,14th st pile field,60 x 84 in | 152 x 213 cm,0,2010,/artwork/14th-st-pile-field,"mixed media on graphite on linen, 60 x 84 in60 x 84 in (152.4 x 213.4 cm) (152.4 x 213.4 cm)",/artwork/14th-st-pile-field,149,12/22/10 20:15,Yes,http://www.enaswansea.com/sites/default/files/artwork/121/12114thstpilefield150.jpg,http://www.enaswansea.com/sites/default/files/imagecache/tiny_thumbnail/artwork/121/12114thstpilefield150.jpg
131,psycho,72 x 48 in | 183 x 122 cm,0,2011,/artwork/psycho,,/artwork/psycho,153,1/26/11 10:15,Yes,http://www.enaswansea.com/sites/default/files/artwork/131/131psycho.jpg,http://www.enaswansea.com/sites/default/files/imagecache/tiny_thumbnail/artwork/131/131psycho.jpg
143,the green line,60 x 48 in | 152 x 122 cm,0,2012,/artwork/the-green-line,,/artwork/the-green-line,172,3/8/12 11:02,Yes,http://www.enaswansea.com/sites/default/files/artwork/143/thegreenlinedraft.jpg,http://www.enaswansea.com/sites/default/files/imagecache/tiny_thumbnail/artwork/143/thegreenlinedraft.jpg
157,snow at night,96 x 72 in | 244 x 183 cm,0,2013,/artwork/snow-at-night,,/artwork/snow-at-night,187,5/16/13 13:11,Yes,http://www.enaswansea.com/sites/default/files/artwork/157/157snowatnightforwebsite.jpg,http://www.enaswansea.com/sites/default/files/imagecache/tiny_thumbnail/artwork/157/157snowatnightforwebsite.jpg
184,snow on 16th st,90 x 154 in | 229 x 391 cm,0,2014,/artwork/snow-on-16th-st-0,,/artwork/snow-on-16th-st-0,216,11/22/14 16:27,Yes,http://www.enaswansea.com/sites/default/files/artwork/184/184snowon16thstreetadjforwebsite.png,http://www.enaswansea.com/sites/default/files/imagecache/tiny_thumbnail/artwork/184/184snowon16thstreetadjforwebsite.png
185,shake shack,36 x 48 in | 91 x 122 cm,0,2015,/artwork/shake-shack-0,,/artwork/shake-shack-0,218,3/10/15 14:45,Yes,http://www.enaswansea.com/sites/default/files/artwork/185/185fcashakeshackforwebsite.png,http://www.enaswansea.com/sites/default/files/imagecache/tiny_thumbnail/artwork/185/185fcashakeshackforwebsite.png
196,aggregate,54 x 80 in | 137 x 203 cm,0,2016,/artwork/aggregate,,/artwork/aggregate,227,7/23/16 12:34,Yes,http://www.enaswansea.com/sites/default/files/artwork/196/196aggregateforwebsite.jpg,http://www.enaswansea.com/sites/default/files/imagecache/tiny_thumbnail/artwork/196/196aggregateforwebsite.jpg
208,chaos,40.25 x 40.25 in | 102 x 102 cm,0,2017,/artwork/chaos,,/artwork/chaos,241,5/20/17 15:05,Yes,http://www.enaswansea.com/sites/default/files/artwork/208/208chaosforwebsite.jpg,http://www.enaswansea.com/sites/default/files/imagecache/tiny_thumbnail/artwork/208/208chaosforwebsite.jpg
218,snow in Charlotte,60.25 x 48.25 | 153 x 123 cm,0,2018,/artwork/snow-in-charlotte-2,,/artwork/snow-in-charlotte-2,253,11/19/18 17:27,Yes,http://www.enaswansea.com/sites/default/files/artwork/218/snowincharlotteforwebsite.jpg,http://www.enaswansea.com/sites/default/files/imagecache/tiny_thumbnail/artwork/218/snowincharlotteforwebsite.jpg
226,snow in Connecticut,72 x 48 in | 183 x 122 cm,0,2019,/artwork/snow-in-connecticut,,/artwork/snow-in-connecticut,263,1/24/19 19:34,Yes,http://www.enaswansea.com/sites/default/files/artwork/226/226snowinconnecticutforwebsite.jpg,http://www.enaswansea.com/sites/default/files/imagecache/tiny_thumbnail/artwork/226/226snowinconnecticutforwebsite.jpg
38,a night to remember,114 x 72 in (289.56 x 182.88 cm),1,2004,/artwork/a-night-to-remember,"oil on graphite on linen, 114 x 72 in (289.56 x 182.88 cm)",/artwork/a-night-to-remember,107,9/24/10 20:41,Yes,http://www.enaswansea.com/sites/default/files/artwork/38/39anighttoremember150.jpg,http://www.enaswansea.com/sites/default/files/imagecache/tiny_thumbnail/artwork/38/39anighttoremember150.jpg
58,gay wedding 2,72 x 84 in (182.9 x 213.4 cm),1,2005,/artwork/gay-wedding-2,"oil on graphite on linen, 72 x 84 in (182.9 x 213.4 cm)",/artwork/gay-wedding-2,87,9/24/10 20:41,Yes,http://www.enaswansea.com/sites/default/files/artwork/58/58gaywedding2.jpg,http://www.enaswansea.com/sites/default/files/imagecache/tiny_thumbnail/artwork/58/58gaywedding2.jpg
76,E 73rd,118 x 80 in (300 x 203.2 cm),1,2006,/artwork/e-73rd,"oil on graphite on linen, 118 x 80 in (300 x 203.2 cm)",/artwork/e-73rd,69,9/24/10 20:41,Yes,http://www.enaswansea.com/sites/default/files/artwork/76/78e73rdadjusted150.jpg,http://www.enaswansea.com/sites/default/files/imagecache/tiny_thumbnail/artwork/76/78e73rdadjusted150.jpg
93,always worth it,97 x 78 in (246 x 198 cm),1,2007,/artwork/always-worth-it,"oil on graphite on linen, 97 x 78 in (246 x 198 cm)",/artwork/always-worth-it,52,9/24/10 20:41,Yes,http://www.enaswansea.com/sites/default/files/artwork/93/96alwaysworthit150.jpg,http://www.enaswansea.com/sites/default/files/imagecache/tiny_thumbnail/artwork/93/96alwaysworthit150.jpg
102,demands,84 x 168 in (213.4 x 426.7 cm),1,2008,/artwork/demands,"oil on graphite on linen, 84 x 168 in (213.4 x 426.7 cm)",/artwork/demands,43,9/24/10 20:41,Yes,http://www.enaswansea.com/sites/default/files/artwork/102/102demands.jpg,http://www.enaswansea.com/sites/default/files/imagecache/tiny_thumbnail/artwork/102/102demands.jpg
114,1501 Broadway,60 x 72 in (152.4 x 182.9 cm),1,2009,/artwork/1501-broadway,"oil on graphite on linen, 60 x 72 in (152.4 x 182.9 cm)",/artwork/1501-broadway,31,9/24/10 20:41,Yes,http://www.enaswansea.com/sites/default/files/artwork/114/1171501broadway150.jpg,http://www.enaswansea.com/sites/default/files/imagecache/tiny_thumbnail/artwork/114/1171501broadway150.jpg
122,inflation night,84 x 168 in (213.4 x 426.7 cm),1,2010,/artwork/inflation-night,"mixed media on graphite on linen, 84 x 168 in (213.4 x 426.7 cm)",/artwork/inflation-night,150,12/22/10 20:15,Yes,http://www.enaswansea.com/sites/default/files/artwork/999/9inflationnight.jpg,http://www.enaswansea.com/sites/default/files/imagecache/tiny_thumbnail/artwork/999/9inflationnight.jpg
136,snow on 16th St,93.6 x 144 in | 238 x 366 cm,1,2011,/artwork/snow-on-16th-st,,/artwork/snow-on-16th-st,160,3/3/11 23:41,Yes,http://www.enaswansea.com/sites/default/files/artwork/136/snowon16thstreetadjforwebsite.jpg,http://www.enaswansea.com/sites/default/files/imagecache/tiny_thumbnail/artwork/136/snowon16thstreetadjforwebsite.jpg
150,backlit waves of Los Angeles,90 x 114 in | 228 x 290 cm,1,2012,/artwork/backlit-waves-of-los-angeles-1,,/artwork/backlit-waves-of-los-angeles-1,180,11/4/12 20:32,Yes,http://www.enaswansea.com/sites/default/files/artwork/150/150backlitwavesoflosangeles.png,http://www.enaswansea.com/sites/default/files/imagecache/tiny_thumbnail/artwork/150/150backlitwavesoflosangeles.png
165,oranges,66 x 68 in | 168 x 173 cm,1,2013,/artwork/oranges,,/artwork/oranges,195,8/1/13 11:52,Yes,http://www.enaswansea.com/sites/default/files/artwork/165/165oranges.jpg,http://www.enaswansea.com/sites/default/files/imagecache/tiny_thumbnail/artwork/165/165oranges.jpg
171,The Box,72 x 90 in | 183 x 229 cm,1,2014,/artwork/the-box-0,,/artwork/the-box-0,202,1/28/14 18:12,Yes,http://www.enaswansea.com/sites/default/files/artwork/171/171theboxforwebsite.png,http://www.enaswansea.com/sites/default/files/imagecache/tiny_thumbnail/artwork/171/171theboxforwebsite.png
190,summer and shake shack,30.25 x 20.25 | 77 x 51 cm,1,2015,/artwork/summer-and-shake-shack,,/artwork/summer-and-shake-shack,223,3/26/16 22:51,Yes,http://www.enaswansea.com/sites/default/files/artwork/190/190shakeshackinsummer.jpg,http://www.enaswansea.com/sites/default/files/imagecache/tiny_thumbnail/artwork/190/190shakeshackinsummer.jpg
204,wave,90 x 114 in | 229 x 290 cm,1,2016,/artwork/wave-0,,/artwork/wave-0,235,10/24/16 13:01,Yes,http://www.enaswansea.com/sites/default/files/artwork/204/204waveadjforwebsite.jpg,http://www.enaswansea.com/sites/default/files/imagecache/tiny_thumbnail/artwork/204/204waveadjforwebsite.jpg
210,twilight snow in central park,90 x 114 in | 229 x 290 cm,1,2017,/artwork/twilight-snow-in-central-park,,/artwork/twilight-snow-in-central-park,243,1/8/18 19:10,Yes,http://www.enaswansea.com/sites/default/files/artwork/210/210twilightsnowincentralparkforwebsite.jpg,http://www.enaswansea.com/sites/default/files/imagecache/tiny_thumbnail/artwork/210/210twilightsnowincentralparkforwebsite.jpg
219,E 87th streetlight,48.25 x 60.25 in | 122.5 x 153 cm,1,2018,/artwork/e-87th-streetlight,,/artwork/e-87th-streetlight,252,11/19/18 16:51,Yes,http://www.enaswansea.com/sites/default/files/artwork/219/219e87thstreetlightcopyforwebsiteplaceholder.jpg,http://www.enaswansea.com/sites/default/files/imagecache/tiny_thumbnail/artwork/219/219e87thstreetlightcopyforwebsiteplaceholder.jpg
12,Isabelle Huppert,60 x 48 in (152.4 x 121.9 cm),2,2010,/artwork/isabelle-huppert,"mixed media on graphite on linen, 60 x 48 in (152.4 x 121.9 cm)",/artwork/isabelle-huppert,151,12/22/10 20:15,Yes,http://www.enaswansea.com/sites/default/files/artwork/12/123isabellehuppert150.jpg,http://www.enaswansea.com/sites/default/files/imagecache/tiny_thumbnail/artwork/12/123isabellehuppert150.jpg
21,big incident,94 x 136 in (239 x 245.5 cm),2,2004,/artwork/big-incident,"oil on graphite on linen, 94 x 136 in (239 x 245.5 cm)",/artwork/big-incident,124,9/24/10 20:55,Yes,http://www.enaswansea.com/sites/default/files/artwork/21/21bigincident.jpg,http://www.enaswansea.com/sites/default/files/imagecache/tiny_thumbnail/artwork/21/21bigincident.jpg
56,man godiva,110 x 75 in (279.4 x 190.5 cm),2,2005,/artwork/man-godiva,"oil on graphite on linen, 110 x 75 in (279.4 x 190.5 cm)",/artwork/man-godiva,89,9/24/10 20:41,Yes,http://www.enaswansea.com/sites/default/files/artwork/56/57mangodiva150.jpg,http://www.enaswansea.com/sites/default/files/imagecache/tiny_thumbnail/artwork/56/57mangodiva150.jpg
84,picture plane,72 x 96 in (182.88 x 243.84 cm),2,2006,/artwork/picture-plane,"oil on graphite on linen, 72 x 96 in (182.88 x 243.84 cm)",/artwork/picture-plane,61,9/24/10 20:41,Yes,http://www.enaswansea.com/sites/default/files/artwork/84/86pictureplane150.jpg,http://www.enaswansea.com/sites/default/files/imagecache/tiny_thumbnail/artwork/84/86pictureplane150.jpg
90,child in tree and man with saw,90 x 96 in (228.6 x 243.8 cm),2,2007,/artwork/child-in-tree-and-man-with-saw,"oil on graphite on linen, 90 x 96 in (228.6 x 243.8 cm)",/artwork/child-in-tree-and-man-with-saw,55,9/24/10 20:41,Yes,http://www.enaswansea.com/sites/default/files/artwork/90/92childintreeandmanwithsaw150.jpg,http://www.enaswansea.com/sites/default/files/imagecache/tiny_thumbnail/artwork/90/92childintreeandmanwithsaw150.jpg
101,tied to the railroad tracks,28 x 96 in (71.12 x 243.84 cm),2,2008,/artwork/tied-to-the-railroad-tracks,"oil on graphite on linen, 28 x 96 in (71.12 x 243.84 cm)",/artwork/tied-to-the-railroad-tracks,44,9/24/10 20:41,Yes,http://www.enaswansea.com/sites/default/files/artwork/101/104tiedtotherailroadtracks150.jpg,http://www.enaswansea.com/sites/default/files/imagecache/tiny_thumbnail/artwork/101/104tiedtotherailroadtracks150.jpg
113,the box,48 x 72 in (121.9 x 182.9 cm),2,2009,/artwork/the-box,"oil on graphite on linen, 48 x 72 in (121.9 x 182.9 cm)",/artwork/the-box,32,9/24/10 20:41,Yes,http://www.enaswansea.com/sites/default/files/artwork/113/116thebox150.jpg,http://www.enaswansea.com/sites/default/files/imagecache/tiny_thumbnail/artwork/113/116thebox150.jpg
140,Kembra in colors,48 x 96 inches | 122 x 244 cm,2,2011,/artwork/kembra-in-colors,,/artwork/kembra-in-colors,169,11/30/11 13:59,Yes,http://www.enaswansea.com/sites/default/files/artwork/140/140kembraincolorsforwebsite.jpg,http://www.enaswansea.com/sites/default/files/imagecache/tiny_thumbnail/artwork/140/140kembraincolorsforwebsite.jpg
154,stars on the road,48 x 60 in | 122 x 152 cm,2,2012,/artwork/stars-on-the-road,,/artwork/stars-on-the-road,184,2/8/13 17:00,Yes,http://www.enaswansea.com/sites/default/files/artwork/154/154starsontheroadforwebsite.png,http://www.enaswansea.com/sites/default/files/imagecache/tiny_thumbnail/artwork/154/154starsontheroadforwebsite.png
167,haystack at night 3,24 x 18 in | 61 x 46 cm,2,2013,/artwork/haystack-at-night-3,,/artwork/haystack-at-night-3,200,9/13/13 13:20,Yes,http://www.enaswansea.com/sites/default/files/artwork/167/167haystackatnight3.jpg,http://www.enaswansea.com/sites/default/files/imagecache/tiny_thumbnail/artwork/167/167haystackatnight3.jpg
181,Shake Shack,60 x 72 in | 152 x 183 cm,2,2014,/artwork/shake-shack,,/artwork/shake-shack,214,9/2/14 16:08,Yes,http://www.enaswansea.com/sites/default/files/artwork/181/181shakeshackforwebsite.png,http://www.enaswansea.com/sites/default/files/imagecache/tiny_thumbnail/artwork/181/181shakeshackforwebsite.png
188,E 73rd,78.25 x 110 in | 199 x 279 cm,2,2015,/artwork/e-73rd-0,,/artwork/e-73rd-0,221,3/10/15 15:07,Yes,http://www.enaswansea.com/sites/default/files/artwork/188/188e73rdforwebsite.png,http://www.enaswansea.com/sites/default/files/imagecache/tiny_thumbnail/artwork/188/188e73rdforwebsite.png
196,snow on 16th St,90 x 114 in | 228 x 290 cm,2,2016,/artwork/snow-on-16th-st-1,,/artwork/snow-on-16th-st-1,225,3/26/16 23:20,Yes,http://www.enaswansea.com/sites/default/files/artwork/196/196snowon16thstplaceholderimage.jpg,http://www.enaswansea.com/sites/default/files/imagecache/tiny_thumbnail/artwork/196/196snowon16thstplaceholderimage.jpg
209,white sky,44.25 x 54.25 in | 112 x 138 cm,2,2017,/artwork/white-sky,,/artwork/white-sky,242,5/20/17 15:06,Yes,http://www.enaswansea.com/sites/default/files/artwork/209/209whiteskyofmanhattanforwebsite.jpg,http://www.enaswansea.com/sites/default/files/imagecache/tiny_thumbnail/artwork/209/209whiteskyofmanhattanforwebsite.jpg
219,snow garbage,72 x 48 in | 183 x 122 cm,2,2018,/artwork/snow-garbage,,/artwork/snow-garbage,254,11/19/18 17:38,Yes,http://www.enaswansea.com/sites/default/files/artwork/219/snowgarbageforwebsite.jpg,http://www.enaswansea.com/sites/default/files/imagecache/tiny_thumbnail/artwork/219/snowgarbageforwebsite.jpg
22,pier,76 x 66 in (193 x 167 cm),3,2004,/artwork/pier,"oil on graphite on linen, 76 x 66 in (193 x 167 cm)",/artwork/pier,123,9/24/10 20:55,Yes,http://www.enaswansea.com/sites/default/files/artwork/22/22pier.jpg,http://www.enaswansea.com/sites/default/files/imagecache/tiny_thumbnail/artwork/22/22pier.jpg
55,66 majorettes,105 x 150 in (266.7 x 381 cm),3,2005,/artwork/66-majorettes,"oil on graphite on linen, 105 x 150 in (266.7 x 381 cm)",/artwork/66-majorettes,90,9/24/10 20:41,Yes,http://www.enaswansea.com/sites/default/files/artwork/55/5666majorettes150.jpg,http://www.enaswansea.com/sites/default/files/imagecache/tiny_thumbnail/artwork/55/5666majorettes150.jpg
86,ernst & you,76 x 94 in (193.04 x 238.76 cm),3,2006,/artwork/ernst-you,"oil on graphite on linen, 76 x 94 in (193.04 x 238.76 cm)",/artwork/ernst-you,59,9/24/10 20:41,Yes,http://www.enaswansea.com/sites/default/files/artwork/86/88ernstandyou150.jpg,http://www.enaswansea.com/sites/default/files/imagecache/tiny_thumbnail/artwork/86/88ernstandyou150.jpg
97,4 seasons - four,39.5 x 27.25 in (100.33 x 69.215 cm),3,2007,/artwork/4-seasons-four,"serigraph on rag paper, 39.5 x 27.25 in (100.33 x 69.215 cm)",/artwork/4-seasons-four,48,9/24/10 20:41,Yes,http://www.enaswansea.com/sites/default/files/artwork/97/97a4seasonsprint-fourcopy.jpg,http://www.enaswansea.com/sites/default/files/imagecache/tiny_thumbnail/artwork/97/97a4seasonsprint-fourcopy.jpg
103,gling hunks,72 x 94 in (182.88 x 238.76 cm),3,2008,/artwork/gling-hunks,"oil on graphite on linen, 72 x 94 in (182.88 x 238.76 cm)",/artwork/gling-hunks,42,9/24/10 20:41,Yes,http://www.enaswansea.com/sites/default/files/artwork/103/106glinghunks150.jpg,http://www.enaswansea.com/sites/default/files/imagecache/tiny_thumbnail/artwork/103/106glinghunks150.jpg
110,bored,68 x 72 in (172.7 x 182.9 cm),3,2009,/artwork/bored,"oil on graphite on linen, 68 x 72 in (172.7 x 182.9 cm)",/artwork/bored,35,9/24/10 20:41,Yes,http://www.enaswansea.com/sites/default/files/artwork/110/113bored150.jpg,http://www.enaswansea.com/sites/default/files/imagecache/tiny_thumbnail/artwork/110/113bored150.jpg
125,corrida Goyesque,148 x 295 feet (45 x 90 meters),3,2010,/artwork/corrida-goyesque,"pigment on sand, 148 x 295 feet (45 x 90 meters). ephemeral work; destroyed.",/artwork/corrida-goyesque,147,12/22/10 20:13,Yes,http://www.enaswansea.com/sites/default/files/artwork/999/6corridagoyesque.jpg,http://www.enaswansea.com/sites/default/files/imagecache/tiny_thumbnail/artwork/999/6corridagoyesque.jpg
139,backstage,72 x 60 in | 183 x 152 cm,3,2011,/artwork/backstage,,/artwork/backstage,163,10/3/11 11:57,Yes,http://www.enaswansea.com/sites/default/files/artwork/139/backstageadjsofternoseversionforwebsite.jpg,http://www.enaswansea.com/sites/default/files/imagecache/tiny_thumbnail/artwork/139/backstageadjsofternoseversionforwebsite.jpg
153,stars,48 x 72 inches | 121 x 182 cm,3,2012,/artwork/stars,,/artwork/stars,183,12/18/12 14:37,Yes,http://www.enaswansea.com/sites/default/files/artwork/153/153starsmasterjpeg.jpg,http://www.enaswansea.com/sites/default/files/imagecache/tiny_thumbnail/artwork/153/153starsmasterjpeg.jpg
168,haystack at night 4,18 x 24 in | 46 x 61 cm,3,2013,/artwork/haystack-at-night-4,,/artwork/haystack-at-night-4,199,9/13/13 13:16,Yes,http://www.enaswansea.com/sites/default/files/artwork/168/168haystackatnight4.jpg,http://www.enaswansea.com/sites/default/files/imagecache/tiny_thumbnail/artwork/168/168haystackatnight4.jpg
179,rusty garbage,72 x 60 in | 183 x 152 cm,3,2014,/artwork/rusty-garbage-0,,/artwork/rusty-garbage-0,212,9/2/14 16:03,Yes,http://www.enaswansea.com/sites/default/files/artwork/179/179rustygarbageforwebsite.png,http://www.enaswansea.com/sites/default/files/imagecache/tiny_thumbnail/artwork/179/179rustygarbageforwebsite.png
186,pile field,60 x 72 in | 152.4 x 182.9 cm,3,2015,/artwork/pile-field,,/artwork/pile-field,219,3/10/15 14:50,Yes,http://www.enaswansea.com/sites/default/files/artwork/186/186pilefieldforwebsite.png,http://www.enaswansea.com/sites/default/files/imagecache/tiny_thumbnail/artwork/186/186pilefieldforwebsite.png
201,snow in Charlotte,90 x 150 in | 228.6 x 381 cm,3,2016,/artwork/snow-in-charlotte-1,,/artwork/snow-in-charlotte-1,233,10/24/16 12:07,Yes,http://www.enaswansea.com/sites/default/files/artwork/201/201snowincharlotte.jpg,http://www.enaswansea.com/sites/default/files/imagecache/tiny_thumbnail/artwork/201/201snowincharlotte.jpg
211,stop sign,48 x 60 in | 122 x 152 cm,3,2017,/artwork/stop-sign,,/artwork/stop-sign,244,1/8/18 22:18,Yes,http://www.enaswansea.com/sites/default/files/artwork/211/211stopsignforwebsite.jpg,http://www.enaswansea.com/sites/default/files/imagecache/tiny_thumbnail/artwork/211/211stopsignforwebsite.jpg
221,Hudson River,56 x 60 in | 142 x 152 cm,3,2018,/artwork/hudson-river,,/artwork/hudson-river,255,11/19/18 17:42,Yes,http://www.enaswansea.com/sites/default/files/artwork/221/hudsonriverforwebsite.jpg,http://www.enaswansea.com/sites/default/files/imagecache/tiny_thumbnail/artwork/221/hudsonriverforwebsite.jpg
24,world wide web,78 x 120 in (198 x 305 cm),4,2004,/artwork/world-wide-web,"oil on graphite on linen, 78 x 120 in (198 x 305 cm)",/artwork/world-wide-web,121,9/24/10 20:55,Yes,http://www.enaswansea.com/sites/default/files/artwork/24/25worldwideweb150.jpg,http://www.enaswansea.com/sites/default/files/imagecache/tiny_thumbnail/artwork/24/25worldwideweb150.jpg
67,busy night,36 x 60 in (91.4 x 152.4 cm),4,2005,/artwork/busy-night,"oil on graphite on linen, 36 x 60 in (91.4 x 152.4 cm)",/artwork/busy-night,78,9/24/10 20:41,Yes,http://www.enaswansea.com/sites/default/files/artwork/67/69busynight150.jpg,http://www.enaswansea.com/sites/default/files/imagecache/tiny_thumbnail/artwork/67/69busynight150.jpg
88,identity,60 x 96 in (152.40 x 243.84 cm),4,2006,/artwork/identity,"oil on graphite on linen, 60 x 96 in (152.40 x 243.84 cm)",/artwork/identity,57,9/24/10 20:41,Yes,http://www.enaswansea.com/sites/default/files/artwork/88/90identity150.jpg,http://www.enaswansea.com/sites/default/files/imagecache/tiny_thumbnail/artwork/88/90identity150.jpg
96,4 seasons - three,29.5 x 38.25 in (74.93 x 97.155 cm),4,2007,/artwork/4-seasons-three,"serigraph on rag paper, 29.5 x 38.25 in (74.93 x 97.155 cm)",/artwork/4-seasons-three,49,9/24/10 20:41,Yes,http://www.enaswansea.com/sites/default/files/artwork/96/994seasons-three150.jpg,http://www.enaswansea.com/sites/default/files/imagecache/tiny_thumbnail/artwork/96/994seasons-three150.jpg
104,baby,66 x 68 in (167.6 x 172.7 cm),4,2008,/artwork/baby,"oil on graphite on linen, 66 x 68 in (167.6 x 172.7 cm)",/artwork/baby,41,9/24/10 20:41,Yes,http://www.enaswansea.com/sites/default/files/artwork/104/107baby150.jpg,http://www.enaswansea.com/sites/default/files/imagecache/tiny_thumbnail/artwork/104/107baby150.jpg
112,southern belles,54 x 72 in (137.2 x 182.9 cm),4,2009,/artwork/southern-belles,"oil on graphite on linen, 54 x 72 in (137.2 x 182.9 cm)",/artwork/southern-belles,33,9/24/10 20:41,Yes,http://www.enaswansea.com/sites/default/files/artwork/112/115southernbelles150.jpg,http://www.enaswansea.com/sites/default/files/imagecache/tiny_thumbnail/artwork/112/115southernbelles150.jpg
130,bullfight,72 x 48 in (182.9 x 121.9 cm),4,2010,/artwork/bullfight,"oil on linen, 72 x 48 in (182.9 x 121.9 cm)",/artwork/bullfight,142,12/22/10 20:02,Yes,http://www.enaswansea.com/sites/default/files/artwork/130/bullfight150.jpg,http://www.enaswansea.com/sites/default/files/imagecache/tiny_thumbnail/artwork/130/bullfight150.jpg
134,dancers,36 x 96 in | 91 x 244 cm,4,2011,/artwork/dancers,,/artwork/dancers,159,2/27/11 1:56,Yes,http://www.enaswansea.com/sites/default/files/artwork/134/134dancersadj.jpg,http://www.enaswansea.com/sites/default/files/imagecache/tiny_thumbnail/artwork/134/134dancersadj.jpg
151,don't bother me with that ocean,90 x 108 in | 229 x 274 cm,4,2012,/artwork/dont-bother-me-with-that-ocean,,/artwork/dont-bother-me-with-that-ocean,181,11/4/12 20:36,Yes,http://www.enaswansea.com/sites/default/files/artwork/151/151dontbothermewiththatocean.png,http://www.enaswansea.com/sites/default/files/imagecache/tiny_thumbnail/artwork/151/151dontbothermewiththatocean.png
169,haystack at night 5,24 x 18 in | 61 x 46 cm,4,2013,/artwork/haystack-at-night-5,,/artwork/haystack-at-night-5,198,9/13/13 13:05,Yes,http://www.enaswansea.com/sites/default/files/artwork/169/169haystackatnight5forwebsite.png,http://www.enaswansea.com/sites/default/files/imagecache/tiny_thumbnail/artwork/169/169haystackatnight5forwebsite.png
175,rusty garbage,60 x 48 in | 152 x 122 cm,4,2014,/artwork/rusty-garbage,,/artwork/rusty-garbage,205,1/28/14 18:56,Yes,http://www.enaswansea.com/sites/default/files/artwork/175/175rustygarbage.png,http://www.enaswansea.com/sites/default/files/imagecache/tiny_thumbnail/artwork/175/175rustygarbage.png
187,memento,60 x 36 in | 152 x 91 cm,4,2015,/artwork/memento,,/artwork/memento,220,3/10/15 14:52,Yes,http://www.enaswansea.com/sites/default/files/artwork/187/187mementoforwebsite.png,http://www.enaswansea.com/sites/default/files/imagecache/tiny_thumbnail/artwork/187/187mementoforwebsite.png
203,view from the sex pier,94 x 136 in | 239 x 345 cm,4,2016,/artwork/view-from-the-sex-pier,,/artwork/view-from-the-sex-pier,234,10/24/16 12:11,Yes,http://www.enaswansea.com/sites/default/files/artwork/203/203viewfromthesexpierforwebsite2.jpg,http://www.enaswansea.com/sites/default/files/imagecache/tiny_thumbnail/artwork/203/203viewfromthesexpierforwebsite2.jpg
212,entrance to the country club,60 x 48 inches | 152 x 122 cm,4,2017,/artwork/entrance-to-the-country-club,,/artwork/entrance-to-the-country-club,245,1/8/18 22:21,Yes,http://www.enaswansea.com/sites/default/files/artwork/212/212entrancetothecountryclubforwebsite.jpg,http://www.enaswansea.com/sites/default/files/imagecache/tiny_thumbnail/artwork/212/212entrancetothecountryclubforwebsite.jpg
222,snowman follows baby,56 x 56 in | 142 x 142 cm,4,2018,/artwork/snowman-follows-baby,,/artwork/snowman-follows-baby,256,11/19/18 17:46,Yes,http://www.enaswansea.com/sites/default/files/artwork/222/snowmanfollowsbabyforwebsite.jpg,http://www.enaswansea.com/sites/default/files/imagecache/tiny_thumbnail/artwork/222/snowmanfollowsbabyforwebsite.jpg
48,gay wedding,96 x 72 in (244 x 183 cm),5,2004,/artwork/gay-wedding,"oil on graphite on linen, 96 x 72 in (244 x 183 cm)",/artwork/gay-wedding,97,9/24/10 20:41,Yes,http://www.enaswansea.com/sites/default/files/artwork/48/48gaywedding.jpg,http://www.enaswansea.com/sites/default/files/imagecache/tiny_thumbnail/artwork/48/48gaywedding.jpg
66,area code,72 x 96 in (182.9 x 234.8 cm),5,2005,/artwork/area-code,"oil on graphite on linen, 72 x 96 in (182.9 x 234.8 cm)",/artwork/area-code,79,9/24/10 20:41,Yes,http://www.enaswansea.com/sites/default/files/artwork/66/66areacode.jpg,http://www.enaswansea.com/sites/default/files/imagecache/tiny_thumbnail/artwork/66/66areacode.jpg
77,American bank,84 x 114 in (213.36 x 289.56 cm),5,2006,/artwork/american-bank,"oil on graphite on linen, 84 x 114 in (213.36 x 289.56 cm)",/artwork/american-bank,68,9/24/10 20:41,Yes,http://www.enaswansea.com/sites/default/files/artwork/77/79americanbank150.jpg,http://www.enaswansea.com/sites/default/files/imagecache/tiny_thumbnail/artwork/77/79americanbank150.jpg
95,4 seasons - two,29.5 x 39.5 in (74.93 x 100.33 cm),5,2007,/artwork/4-seasons-two,"serigraph on rag paper, 29.5 x 39.5 in (74.93 x 100.33 cm)",/artwork/4-seasons-two,50,9/24/10 20:41,Yes,http://www.enaswansea.com/sites/default/files/artwork/95/984seasons-two150.jpg,http://www.enaswansea.com/sites/default/files/imagecache/tiny_thumbnail/artwork/95/984seasons-two150.jpg
105,bull,28 x 96 in (71.12 x 243.84 cm),5,2008,/artwork/bull,"oil on graphite on linen, 28 x 96 in (71.12 x 243.84 cm)",/artwork/bull,40,9/24/10 20:41,Yes,http://www.enaswansea.com/sites/default/files/artwork/105/108bull150.jpg,http://www.enaswansea.com/sites/default/files/imagecache/tiny_thumbnail/artwork/105/108bull150.jpg
115,Princess Gloria,30 x 40 in (76.2 x 101.6 cm),5,2009,/artwork/princess-gloria,"oil on graphite on linen, 30 x 40 in (76.2 x 101.6 cm)",/artwork/princess-gloria,30,9/24/10 20:41,Yes,http://www.enaswansea.com/sites/default/files/artwork/115/118princessgloria150.jpg,http://www.enaswansea.com/sites/default/files/imagecache/tiny_thumbnail/artwork/115/118princessgloria150.jpg
127,matador,72 x 48 in (182.9 x 121.9 cm),5,2010,/artwork/matador,"oil on graphite on linen, 72 x 48 in (182.9 x 121.9 cm)",/artwork/matador,145,12/22/10 20:13,Yes,http://www.enaswansea.com/sites/default/files/artwork/127/matador150.jpg,http://www.enaswansea.com/sites/default/files/imagecache/tiny_thumbnail/artwork/127/matador150.jpg
139,McCracken plank underwater,70 x 40 inches | 178 x 102 cm,5,2011,/artwork/mccracken-plank-underwater,,/artwork/mccracken-plank-underwater,168,11/30/11 13:23,Yes,http://www.enaswansea.com/sites/default/files/artwork/137/mccrackenplankunderwater.jpg,http://www.enaswansea.com/sites/default/files/imagecache/tiny_thumbnail/artwork/137/mccrackenplankunderwater.jpg
152,haystacks lying on a beach,48 x 60 in | 122 x 152 cm,5,2012,/artwork/haystacks-lying-on-a-beach,,/artwork/haystacks-lying-on-a-beach,182,11/4/12 20:45,Yes,http://www.enaswansea.com/sites/default/files/artwork/152/152haystackslyingonabeach.png,http://www.enaswansea.com/sites/default/files/imagecache/tiny_thumbnail/artwork/152/152haystackslyingonabeach.png
162,it was late but they were not tired at all,90 x 108 in | 229 x 264 cm,5,2013,/artwork/it-was-late-but-they-were-not-tired-at-all,,/artwork/it-was-late-but-they-were-not-tired-at-all,192,8/1/13 11:45,Yes,http://www.enaswansea.com/sites/default/files/artwork/162/162itwaslatebuttheywerenottiredatall.jpg,http://www.enaswansea.com/sites/default/files/imagecache/tiny_thumbnail/artwork/162/162itwaslatebuttheywerenottiredatall.jpg
172,snow at night 2,90 x 114 in | 229 x 290 cm,5,2014,/artwork/snow-at-night-2,,/artwork/snow-at-night-2,207,1/28/14 19:15,Yes,http://www.enaswansea.com/sites/default/files/artwork/171/172snowatnight2adjmasterforwebsite.png,http://www.enaswansea.com/sites/default/files/imagecache/tiny_thumbnail/artwork/171/172snowatnight2adjmasterforwebsite.png
205,trees,54 x 80 in | 137 x 203,5,2016,/artwork/trees,,/artwork/trees,236,10/24/16 13:10,Yes,http://www.enaswansea.com/sites/default/files/artwork/205/205treesadjcroppedforwebsite.jpg,http://www.enaswansea.com/sites/default/files/imagecache/tiny_thumbnail/artwork/205/205treesadjcroppedforwebsite.jpg
213,get out,90 x 114 in | 229 x 290 cm,5,2017,/artwork/get-out,,/artwork/get-out,246,1/8/18 22:48,Yes,http://www.enaswansea.com/sites/default/files/artwork/213/213getoutadjforwebsite.jpg,http://www.enaswansea.com/sites/default/files/imagecache/tiny_thumbnail/artwork/213/213getoutadjforwebsite.jpg
223,snowman and man,48 x 72 in | 122 x 183 cm,5,2018,/artwork/snowman-and-man,,/artwork/snowman-and-man,257,11/19/18 17:50,Yes,http://www.enaswansea.com/sites/default/files/artwork/223/snowmanandnauseousmanforwebsite.jpg,http://www.enaswansea.com/sites/default/files/imagecache/tiny_thumbnail/artwork/223/snowmanandnauseousmanforwebsite.jpg
50,theory of relativity,78 x 120 in(198.12 x 304.8 cm),6,2004,/artwork/theory-of-relativity,"oil on graphite on linen, 78 x 120 in(198.12 x 304.8 cm)",/artwork/theory-of-relativity,95,9/24/10 20:41,Yes,http://www.enaswansea.com/sites/default/files/artwork/50/51theoryofrelativity150.jpg,http://www.enaswansea.com/sites/default/files/imagecache/tiny_thumbnail/artwork/50/51theoryofrelativity150.jpg
72,Gary Hill,92 x 76 in (233.68 x 193.04 cm),6,2005,/artwork/gary-hill,"oil on graphite on linen, 92 x 76 in (233.68 x 193.04 cm)",/artwork/gary-hill,73,9/24/10 20:41,Yes,http://www.enaswansea.com/sites/default/files/artwork/72/74garyhill150.jpg,http://www.enaswansea.com/sites/default/files/imagecache/tiny_thumbnail/artwork/72/74garyhill150.jpg
83,frozen ocean,84 x 60 in (213.36 x 152.40 cm),6,2006,/artwork/frozen-ocean,"oil on graphite on linen, 48 x 60 in (121.92 x 152.40 cm)",/artwork/frozen-ocean,62,9/24/10 20:41,Yes,http://www.enaswansea.com/sites/default/files/artwork/83/85frozenocean150.jpg,http://www.enaswansea.com/sites/default/files/imagecache/tiny_thumbnail/artwork/83/85frozenocean150.jpg
94,4 seasons - one,39.5 x 29.5 in (100.33 x 74.93 cm),6,2007,/artwork/4-seasons-one,"serigraph on rag paper, 39.5 x 29.5 in (100.33 x 74.93 cm)",/artwork/4-seasons-one,51,9/24/10 20:41,Yes,http://www.enaswansea.com/sites/default/files/artwork/94/974seasons-one.jpg,http://www.enaswansea.com/sites/default/files/imagecache/tiny_thumbnail/artwork/94/974seasons-one.jpg
109,21st century haystack 4,48 x 72 in (121.9 x 182.9 cm),6,2008,/artwork/21st-century-haystack-4,"oil on graphite on linen, 48 x 72 in (121.9 x 182.9 cm)",/artwork/21st-century-haystack-4,36,9/24/10 20:41,Yes,http://www.enaswansea.com/sites/default/files/artwork/109/11221stcenturyhaystack4150.jpg,http://www.enaswansea.com/sites/default/files/imagecache/tiny_thumbnail/artwork/109/11221stcenturyhaystack4150.jpg
116,Princess Maria Theresia,30 x 40 in (76.2 x 101.6 cm),6,2009,/artwork/princess-maria-theresia,"oil on graphite on linen, 30 x 40 in (76.2 x 101.6 cm)",/artwork/princess-maria-theresia,29,9/24/10 20:41,Yes,http://www.enaswansea.com/sites/default/files/artwork/116/119princessmariatheresia150.jpg,http://www.enaswansea.com/sites/default/files/imagecache/tiny_thumbnail/artwork/116/119princessmariatheresia150.jpg
128,rowboat,60 x 48 in (152.4 x 121.9 cm),6,2010,/artwork/rowboat,"oil on canvas, 60 x 48 in (152.4 x 121.9 cm)",/artwork/rowboat,144,12/22/10 20:13,Yes,http://www.enaswansea.com/sites/default/files/artwork/999/3rowboat.jpg,http://www.enaswansea.com/sites/default/files/imagecache/tiny_thumbnail/artwork/999/3rowboat.jpg
137,founding fathers,60 x 44 inches | 152 x 111 cm,6,2011,/artwork/founding-fathers,,/artwork/founding-fathers,164,10/17/11 15:24,Yes,http://www.enaswansea.com/sites/default/files/artwork/137/137foundingfathersforwebsite.jpg,http://www.enaswansea.com/sites/default/files/imagecache/tiny_thumbnail/artwork/137/137foundingfathersforwebsite.jpg
144,backlit waves of Los Angeles,90 x 180 in | 229 x 457 cm,6,2012,/artwork/backlit-waves-of-los-angeles,,/artwork/backlit-waves-of-los-angeles,173,3/8/12 11:10,Yes,http://www.enaswansea.com/sites/default/files/artwork/144/144backlitwavesoflosangelesdraft.jpg,http://www.enaswansea.com/sites/default/files/imagecache/tiny_thumbnail/artwork/144/144backlitwavesoflosangelesdraft.jpg
156,view from the Roth Bar,72 x 90 in | 183 x 129 cm,6,2013,/artwork/view-from-the-roth-bar,,/artwork/view-from-the-roth-bar,186,5/16/13 13:05,Yes,http://www.enaswansea.com/sites/default/files/artwork/156/156viewfromtherothbaradjforwebsite.jpg,http://www.enaswansea.com/sites/default/files/imagecache/tiny_thumbnail/artwork/156/156viewfromtherothbaradjforwebsite.jpg
173,master of ceremonies,48 x 60 in | 122 x 152 cm,6,2014,/artwork/master-of-ceremonies,,/artwork/master-of-ceremonies,203,1/28/14 18:37,Yes,http://www.enaswansea.com/sites/default/files/artwork/173/173masterofceremonies.png,http://www.enaswansea.com/sites/default/files/imagecache/tiny_thumbnail/artwork/173/173masterofceremonies.png
191,water in Venice,54 x 80 in | 137 x 203 cm,6,2016,/artwork/water-in-venice,,/artwork/water-in-venice,222,3/26/16 22:40,Yes,http://www.enaswansea.com/sites/default/files/artwork/191/191waterinveniceforwebsite.jpg,http://www.enaswansea.com/sites/default/files/imagecache/tiny_thumbnail/artwork/191/191waterinveniceforwebsite.jpg
214,frozen creek,114 x 90 in | 290 x 229 cm,6,2017,/artwork/frozen-creek,,/artwork/frozen-creek,247,1/8/18 22:51,Yes,http://www.enaswansea.com/sites/default/files/artwork/214/214frozencreekredoneforwebsite.jpg,http://www.enaswansea.com/sites/default/files/imagecache/tiny_thumbnail/artwork/214/214frozencreekredoneforwebsite.jpg
217,5th avenue,77 x 105 in | 196 x 267 cm,6,2018,/artwork/5th-avenue,,/artwork/5th-avenue,250,6/23/18 19:35,Yes,http://www.enaswansea.com/sites/default/files/artwork/217/217prophotousethis5thave-2018swa00023.jpg,http://www.enaswansea.com/sites/default/files/imagecache/tiny_thumbnail/artwork/217/217prophotousethis5thave-2018swa00023.jpg
36,haunted tiny house,114 x 90 in (289.5 x 228.6 cm),7,2004,/artwork/haunted-tiny-house,"oil on graphite on linen, 114 x 90 in (289.5 x 228.6 cm)",/artwork/haunted-tiny-house,109,9/24/10 20:41,Yes,http://www.enaswansea.com/sites/default/files/artwork/36/37hauntedtinyhouse150.jpg,http://www.enaswansea.com/sites/default/files/imagecache/tiny_thumbnail/artwork/36/37hauntedtinyhouse150.jpg
59,wave,105 x 150 in (266.7 x 381 cm),7,2005,/artwork/wave,"oil on graphite on linen, 105 x 150 in (266.7 x 381 cm)",/artwork/wave,86,9/24/10 20:41,Yes,http://www.enaswansea.com/sites/default/files/artwork/59/60wave150.jpg,http://www.enaswansea.com/sites/default/files/imagecache/tiny_thumbnail/artwork/59/60wave150.jpg
78,Kembra,72 x 96 in (182.88 x 243.84 cm),7,2006,/artwork/kembra,"oil on graphite on linen, 72 x 96 in (182.88 x 243.84 cm)",/artwork/kembra,67,9/24/10 20:41,Yes,http://www.enaswansea.com/sites/default/files/artwork/78/80kembra150.jpg,http://www.enaswansea.com/sites/default/files/imagecache/tiny_thumbnail/artwork/78/80kembra150.jpg
98,widow,66 x 84 in (167.64 x 213.36 cm),7,2007,/artwork/widow,"mixed media on graphite on linen, 66 x 84 in (167.64 x 213.36 cm)",/artwork/widow,47,9/24/10 20:41,Yes,http://www.enaswansea.com/sites/default/files/artwork/98/101widow150.jpg,http://www.enaswansea.com/sites/default/files/imagecache/tiny_thumbnail/artwork/98/101widow150.jpg
107,21st century haystack 2,72 x 54 in (182.9 x 137.2 cm),7,2008,/artwork/21st-century-haystack-2,"oil on graphite on linen, 72 x 54 in (182.9 x 137.2 cm)",/artwork/21st-century-haystack-2,38,9/24/10 20:41,Yes,http://www.enaswansea.com/sites/default/files/artwork/107/11021stcenturyhaystack2150.jpg,http://www.enaswansea.com/sites/default/files/imagecache/tiny_thumbnail/artwork/107/11021stcenturyhaystack2150.jpg
117,windy day,48 x 60 in (121.92 x 152.4 cm),7,2009,/artwork/windy-day,"oil on canvas, 48 x 60 in (121.92 x 152.4 cm)",/artwork/windy-day,28,9/24/10 20:41,Yes,http://www.enaswansea.com/sites/default/files/artwork/117/120windyday150.jpg,http://www.enaswansea.com/sites/default/files/imagecache/tiny_thumbnail/artwork/117/120windyday150.jpg
129,go go boy,18 x 24 in (45.7 x 61 cm),7,2010,/artwork/go-go-boy,"oil on graphite on panel, 18 x 24 in (45.7 x 61 cm)",/artwork/go-go-boy,143,12/22/10 20:05,Yes,http://www.enaswansea.com/sites/default/files/artwork/129/129gogodancer150.jpg,http://www.enaswansea.com/sites/default/files/imagecache/tiny_thumbnail/artwork/129/129gogodancer150.jpg
138,goat,"oil on board, approx. 40 x 32 inches | 102 x 81 cm",7,2011,/artwork/goat,,/artwork/goat,165,10/17/11 15:37,Yes,http://www.enaswansea.com/sites/default/files/artwork/138/138goatadjmoreforwebsite.jpg,http://www.enaswansea.com/sites/default/files/imagecache/tiny_thumbnail/artwork/138/138goatadjmoreforwebsite.jpg
141,backlit waves,18 x 24 in | 46 x 61 cm,7,2012,/artwork/backlit-waves,,/artwork/backlit-waves,171,3/8/12 9:47,Yes,http://www.enaswansea.com/sites/default/files/artwork/141/141backlitwaves.png,http://www.enaswansea.com/sites/default/files/imagecache/tiny_thumbnail/artwork/141/141backlitwaves.png
164,strawberry,36 x 60 in | 91 x 152 cm,7,2013,/artwork/strawberry,,/artwork/strawberry,194,8/1/13 11:50,Yes,http://www.enaswansea.com/sites/default/files/artwork/164/164strawberryforwebsite.jpg,http://www.enaswansea.com/sites/default/files/imagecache/tiny_thumbnail/artwork/164/164strawberryforwebsite.jpg
180,Guston hands,54 x 90 in | 137 x 229 cm,7,2014,/artwork/guston-hands,,/artwork/guston-hands,213,9/2/14 16:06,Yes,http://www.enaswansea.com/sites/default/files/artwork/180/180gustonhands.png,http://www.enaswansea.com/sites/default/files/imagecache/tiny_thumbnail/artwork/180/180gustonhands.png
193,girl in a club,36 x 48 in | 91.5 x 122 cm,7,2016,/artwork/girl-in-a-club,,/artwork/girl-in-a-club,224,3/26/16 23:07,Yes,http://www.enaswansea.com/sites/default/files/artwork/193/193girlinaclubforwebsite.jpg,http://www.enaswansea.com/sites/default/files/imagecache/tiny_thumbnail/artwork/193/193girlinaclubforwebsite.jpg
206,snow on 16th st 2017,90 x 108 in | 228 x 274 cm,7,2017,/artwork/snow-on-16th-st-2017,,/artwork/snow-on-16th-st-2017,239,3/1/17 9:15,Yes,http://www.enaswansea.com/sites/default/files/artwork/206/206snowon16thstreetforwebsite.jpg,http://www.enaswansea.com/sites/default/files/imagecache/tiny_thumbnail/artwork/206/206snowon16thstreetforwebsite.jpg
216,where are you,84 x 144 in | 213 x 366 cm,7,2018,/artwork/where-are-you,,/artwork/where-are-you,249,1/27/18 14:03,Yes,http://www.enaswansea.com/sites/default/files/artwork/216/216whereareyouadjforwebsite.png,http://www.enaswansea.com/sites/default/files/imagecache/tiny_thumbnail/artwork/216/216whereareyouadjforwebsite.png
27,x-rays p,108 x 53 in (274.5 x 134.5 cm),8,2004,/artwork/x-rays-p,"oil on graphite on linen, 108 x 53 in (274.5 x 134.5 cm)",/artwork/x-rays-p,118,9/24/10 20:41,Yes,http://www.enaswansea.com/sites/default/files/artwork/27/27xraysp.jpg,http://www.enaswansea.com/sites/default/files/imagecache/tiny_thumbnail/artwork/27/27xraysp.jpg
62,shadow and reflection,80 x 110 in (203.2 x 279.4 cm),8,2005,/artwork/shadow-and-reflection,"oil on linen, 80 x 110 in (203.2 x 279.4 cm)",/artwork/shadow-and-reflection,83,9/24/10 20:41,Yes,http://www.enaswansea.com/sites/default/files/artwork/62/62shadowandreflection.jpg,http://www.enaswansea.com/sites/default/files/imagecache/tiny_thumbnail/artwork/62/62shadowandreflection.jpg
87,Casey Spooner,84 x 60 in (213.36 x 152.40 cm),8,2006,/artwork/casey-spooner,"oil on graphite on linen,",/artwork/casey-spooner,58,9/24/10 20:41,Yes,http://www.enaswansea.com/sites/default/files/artwork/87/89caseyspooner150.jpg,http://www.enaswansea.com/sites/default/files/imagecache/tiny_thumbnail/artwork/87/89caseyspooner150.jpg
92,ice skaters,36 x 54 in (91.4 x 137.2 cm),8,2007,/artwork/ice-skaters,"oil on graphite on linen, 36 x 54 in (91.4 x 137.2 cm)",/artwork/ice-skaters,53,9/24/10 20:41,Yes,http://www.enaswansea.com/sites/default/files/artwork/92/95iceskaters150.jpg,http://www.enaswansea.com/sites/default/files/imagecache/tiny_thumbnail/artwork/92/95iceskaters150.jpg
108,21st century haystack 3,72 x 54 in (182.9 x 137.2 cm),8,2008,/artwork/21st-century-haystack-3,"oil on graphite on linen, 72 x 54 in (182.9 x 137.2 cm)",/artwork/21st-century-haystack-3,37,9/24/10 20:41,Yes,http://www.enaswansea.com/sites/default/files/artwork/108/11121stcenturyhaystack3150.jpg,http://www.enaswansea.com/sites/default/files/imagecache/tiny_thumbnail/artwork/108/11121stcenturyhaystack3150.jpg
126,fish tank in an Indian restaurant,24 x 18 in (61 x 45.7 cm),8,2010,/artwork/fish-tank-in-an-indian-restaurant,"oil on graphite on panel, 24 x 18 in (61 x 45.7 cm)",/artwork/fish-tank-in-an-indian-restaurant,146,12/22/10 20:13,Yes,http://www.enaswansea.com/sites/default/files/artwork/999/5fishtankinanindianrestaurant.jpg,http://www.enaswansea.com/sites/default/files/imagecache/tiny_thumbnail/artwork/999/5fishtankinanindianrestaurant.jpg
132,snow in Charlotte,72 x 96 in | 183 x 244 cm,8,2011,/artwork/snow-in-charlotte-0,,/artwork/snow-in-charlotte-0,157,2/27/11 1:37,Yes,http://www.enaswansea.com/sites/default/files/artwork/132/snowincharlotte2adj.jpg,http://www.enaswansea.com/sites/default/files/imagecache/tiny_thumbnail/artwork/132/snowincharlotte2adj.jpg
142,bird thoughts,60 x 48 in | 152 x 122 cm,8,2012,/artwork/bird-thoughts,,/artwork/bird-thoughts,170,3/8/12 9:23,Yes,http://www.enaswansea.com/sites/default/files/artwork/142/142birdthoughts.jpg,http://www.enaswansea.com/sites/default/files/imagecache/tiny_thumbnail/artwork/142/142birdthoughts.jpg
155,he wrote the lyrics while skiing,104 x 104 in | 264 x 264 cm,8,2013,/artwork/he-wrote-the-lyrics-while-skiing,,/artwork/he-wrote-the-lyrics-while-skiing,185,3/13/13 12:58,Yes,http://www.enaswansea.com/sites/default/files/artwork/155/hewrotethelyricswhileskiingforwebsite.jpg,http://www.enaswansea.com/sites/default/files/imagecache/tiny_thumbnail/artwork/155/hewrotethelyricswhileskiingforwebsite.jpg
183,14th St pile field,45 x 54 in | 114.3 x 137.2 cm,8,2014,/artwork/14th-st-pile-field-4,,/artwork/14th-st-pile-field-4,217,11/22/14 16:29,Yes,http://www.enaswansea.com/sites/default/files/artwork/183/18314thstreetpilefieldadjforwebsite.png,http://www.enaswansea.com/sites/default/files/imagecache/tiny_thumbnail/artwork/183/18314thstreetpilefieldadjforwebsite.png
197,cardboard legs,95 x 110 in | 241 x 280 cm,8,2016,/artwork/cardboard-legs,,/artwork/cardboard-legs,228,7/23/16 12:36,Yes,http://www.enaswansea.com/sites/default/files/artwork/197/197cardboardlegsforwebsite.jpg,http://www.enaswansea.com/sites/default/files/imagecache/tiny_thumbnail/artwork/197/197cardboardlegsforwebsite.jpg
207,snowman and shadows,80 x 54 in | 203 x 137 cm,8,2017,/artwork/snowman-and-shadows,,/artwork/snowman-and-shadows,240,3/1/17 9:18,Yes,http://www.enaswansea.com/sites/default/files/artwork/207/207snowmanandshadowsforwebsite.jpg,http://www.enaswansea.com/sites/default/files/imagecache/tiny_thumbnail/artwork/207/207snowmanandshadowsforwebsite.jpg
215,Scottish marching band,90 x 114 inches | 229 x 290 cm,8,2018,/artwork/scottish-marching-band,,/artwork/scottish-marching-band,248,1/8/18 22:59,Yes,http://www.enaswansea.com/sites/default/files/artwork/215/215scottishmarchingbandadjforwebsite.jpg,http://www.enaswansea.com/sites/default/files/imagecache/tiny_thumbnail/artwork/215/215scottishmarchingbandadjforwebsite.jpg
28,x-rays n,108 x 53 in (274.5 x 134.5 cm),9,2004,/artwork/x-rays-n,"oil on graphite on linen, 108 x 53 in (274.5 x 134.5 cm)",/artwork/x-rays-n,117,9/24/10 20:41,Yes,http://www.enaswansea.com/sites/default/files/artwork/28/28xraysn.jpg,http://www.enaswansea.com/sites/default/files/imagecache/tiny_thumbnail/artwork/28/28xraysn.jpg
70,untitled,27 x 36 in (68.58 x 91.44 cm),9,2005,/artwork/untitled,"oil on graphite on linen, 27 x 36 in (68.58 x 91.44 cm)",/artwork/untitled,75,9/24/10 20:41,Yes,http://www.enaswansea.com/sites/default/files/artwork/70/72untitled150.jpg,http://www.enaswansea.com/sites/default/files/imagecache/tiny_thumbnail/artwork/70/72untitled150.jpg
81,Princess Gloria,72 x 114 in (182.88 x 289.56 cm),9,2006,/artwork/princess-gloria-0,"oil on graphite on linen, 72 x 114 in (182.88 x 289.56 cm)",/artwork/princess-gloria-0,64,9/24/10 20:41,Yes,http://www.enaswansea.com/sites/default/files/artwork/81/81princessgloria.jpg,http://www.enaswansea.com/sites/default/files/imagecache/tiny_thumbnail/artwork/81/81princessgloria.jpg
91,happy valley,72 x 96 in (182.9 x 243.8 cm),9,2007,/artwork/happy-valley,"oil on graphite on linen, 72 x 96 in (182.9 x 243.8 cm)",/artwork/happy-valley,54,9/24/10 20:41,Yes,http://www.enaswansea.com/sites/default/files/artwork/91/91happyvalley.jpg,http://www.enaswansea.com/sites/default/files/imagecache/tiny_thumbnail/artwork/91/91happyvalley.jpg
106,21st century haystack 1,48 x 72 in (121.9 x 182.9 cm),9,2008,/artwork/21st-century-haystack-1,"oil on graphite on linen, 48 x 72 in (121.9 x 182.9 cm)",/artwork/21st-century-haystack-1,39,9/24/10 20:41,Yes,http://www.enaswansea.com/sites/default/files/artwork/106/10921stcenturyhaystack1150.jpg,http://www.enaswansea.com/sites/default/files/imagecache/tiny_thumbnail/artwork/106/10921stcenturyhaystack1150.jpg
124,yellow fields,60 x 48 in (152.4 x 121.9 cm),9,2010,/artwork/yellow-fields,"mixed media on graphite on linen, 60 x 48 in (152.4 x 121.9 cm)",/artwork/yellow-fields,148,12/22/10 20:14,Yes,http://www.enaswansea.com/sites/default/files/artwork/999/7yellowfields.jpg,http://www.enaswansea.com/sites/default/files/imagecache/tiny_thumbnail/artwork/999/7yellowfields.jpg
133,snow on 5th Ave,28 x 80 in | 71 x 203 cm,9,2011,/artwork/snow-on-5th-ave,,/artwork/snow-on-5th-ave,158,2/27/11 1:50,Yes,http://www.enaswansea.com/sites/default/files/artwork/133/133snow5thaveadj.jpg,http://www.enaswansea.com/sites/default/files/imagecache/tiny_thumbnail/artwork/133/133snow5thaveadj.jpg
148,haystack at night,24 x 18 in | 61 x 45 cm,9,2012,/artwork/haystack-at-night-0,,/artwork/haystack-at-night-0,179,11/4/12 20:28,Yes,http://www.enaswansea.com/sites/default/files/artwork/148/148haystackatnight.png,http://www.enaswansea.com/sites/default/files/imagecache/tiny_thumbnail/artwork/148/148haystackatnight.png
160,14th St pile field,18 x 24 in | 46 x 61 cm,9,2013,/artwork/14th-st-pile-field-2,,/artwork/14th-st-pile-field-2,190,5/16/13 13:17,Yes,http://www.enaswansea.com/sites/default/files/artwork/160/16014thstreetpilefield03forwebsite.jpg,http://www.enaswansea.com/sites/default/files/imagecache/tiny_thumbnail/artwork/160/16014thstreetpilefield03forwebsite.jpg
176,it's morning already?,60 x 72 in | 152 x 183 cm,9,2014,/artwork/its-morning-already,,/artwork/its-morning-already,206,1/28/14 19:08,Yes,http://www.enaswansea.com/sites/default/files/artwork/176/176itsmorningalready.png,http://www.enaswansea.com/sites/default/files/imagecache/tiny_thumbnail/artwork/176/176itsmorningalready.png
200,40 people in a club,72 x 94 in | 183 x 239 cm,9,2016,/artwork/40-people-in-a-club,,/artwork/40-people-in-a-club,232,10/24/16 11:39,Yes,http://www.enaswansea.com/sites/default/files/artwork/200/20040peopleinaclubforwebsite.jpg,http://www.enaswansea.com/sites/default/files/imagecache/tiny_thumbnail/artwork/200/20040peopleinaclubforwebsite.jpg
31,above the ocean in a storm,90 x 180 in (228.6 x 457 cm),10,2004,/artwork/above-the-ocean-in-a-storm,"oil on graphite on linen, 90 x 180 in (228.6 x 457 cm)",/artwork/above-the-ocean-in-a-storm,114,9/24/10 20:41,Yes,http://www.enaswansea.com/sites/default/files/artwork/31/32abovetheoceaninastorm150.jpg,http://www.enaswansea.com/sites/default/files/imagecache/tiny_thumbnail/artwork/31/32abovetheoceaninastorm150.jpg
71,night,94 x 136 in (238.76 x 345.44 cm),10,2005,/artwork/night,"oil on graphite on linen, 94 x 136 in (238.76 x 345.44 cm)",/artwork/night,74,9/24/10 20:41,Yes,http://www.enaswansea.com/sites/default/files/artwork/71/73night150.jpg,http://www.enaswansea.com/sites/default/files/imagecache/tiny_thumbnail/artwork/71/73night150.jpg
80,Princess Elisabeth,114 x 84 (289.56 x 213.36),10,2006,/artwork/princess-elisabeth,"oil on graphite on linen, 114 x 84 (289.56 x 213.36)",/artwork/princess-elisabeth,65,9/24/10 20:41,Yes,http://www.enaswansea.com/sites/default/files/artwork/80/82princesselisabeth150.jpg,http://www.enaswansea.com/sites/default/files/imagecache/tiny_thumbnail/artwork/80/82princesselisabeth150.jpg
135,Hercules and Hercules junior,72 x 96 in | 183 x 244 cm,10,2011,/artwork/hercules-and-hercules-junior,,/artwork/hercules-and-hercules-junior,161,3/3/11 23:59,Yes,http://www.enaswansea.com/sites/default/files/artwork/135/135herculesandherculesjunior.jpg,http://www.enaswansea.com/sites/default/files/imagecache/tiny_thumbnail/artwork/135/135herculesandherculesjunior.jpg
147,haystack at night,24 x 18 in | 61 x 45 cm,10,2012,/artwork/haystack-at-night,,/artwork/haystack-at-night,178,11/4/12 19:57,Yes,http://www.enaswansea.com/sites/default/files/artwork/147/147haystackatnight.png,http://www.enaswansea.com/sites/default/files/imagecache/tiny_thumbnail/artwork/147/147haystackatnight.png
166,Flatiron Building,24 x 18 in | 61 x 46 cm,10,2013,/artwork/flatiron-building,,/artwork/flatiron-building,196,8/1/13 11:53,Yes,http://www.enaswansea.com/sites/default/files/artwork/166/166flatironbuilding.jpg,http://www.enaswansea.com/sites/default/files/imagecache/tiny_thumbnail/artwork/166/166flatironbuilding.jpg
174,she said no,72 x 60 in | 183 x 152 cm,10,2014,/artwork/she-said-no,,/artwork/she-said-no,204,1/28/14 18:43,Yes,http://www.enaswansea.com/sites/default/files/artwork/174/174shesaidno.png,http://www.enaswansea.com/sites/default/files/imagecache/tiny_thumbnail/artwork/174/174shesaidno.png
202,tiny plastic hands,20 x 30 in | 50.8 x 76.2 cm,10,2016,/artwork/tiny-plastic-hands,,/artwork/tiny-plastic-hands,237,10/24/16 13:18,Yes,http://www.enaswansea.com/sites/default/files/artwork/202/202tinyplastichandscroppedforwebsite.jpg,http://www.enaswansea.com/sites/default/files/imagecache/tiny_thumbnail/artwork/202/202tinyplastichandscroppedforwebsite.jpg
8,the letter,36 x 48 in (91 x 122 cm),11,2004,/artwork/the-letter,"oil on graphite on linen, 36 x 48 in (91 x 122 cm)",/artwork/the-letter,24,8/23/10 23:56,Yes,http://www.enaswansea.com/sites/default/files/artwork/8/8theletter.jpg,http://www.enaswansea.com/sites/default/files/imagecache/tiny_thumbnail/artwork/8/8theletter.jpg
64,colony,96 x 72 in (243.84 x 182.88 cm),11,2005,/artwork/colony,"oil on graphite on linen, 96 x 72 in (243.84 x 182.88 cm)",/artwork/colony,81,9/24/10 20:41,Yes,http://www.enaswansea.com/sites/default/files/artwork/64/64colony.jpg,http://www.enaswansea.com/sites/default/files/imagecache/tiny_thumbnail/artwork/64/64colony.jpg
82,go go dancer,60 x 48 in (152.40 x 121.92 cm),11,2006,/artwork/go-go-dancer,"oil on graphite on linen, 60 x 48 in (152.40 x 121.92 cm)",/artwork/go-go-dancer,63,9/24/10 20:41,Yes,http://www.enaswansea.com/sites/default/files/artwork/82/84gogodancer150.jpg,http://www.enaswansea.com/sites/default/files/imagecache/tiny_thumbnail/artwork/82/84gogodancer150.jpg
161,14th St pile field,18 x 24 in | 46 x 61 cm,11,2013,/artwork/14th-st-pile-field-3,,/artwork/14th-st-pile-field-3,191,8/1/13 11:43,Yes,http://www.enaswansea.com/sites/default/files/artwork/161/16114thstreetpilefield04adjforwebsite.jpg,http://www.enaswansea.com/sites/default/files/imagecache/tiny_thumbnail/artwork/161/16114thstreetpilefield04adjforwebsite.jpg
182,The Box,51.5 x 76 in | 130.8 x 193 cm,11,2014,/artwork/the-box-1,,/artwork/the-box-1,215,9/2/14 16:11,Yes,http://www.enaswansea.com/sites/default/files/artwork/182/182thebox2014forwebsite.png,http://www.enaswansea.com/sites/default/files/imagecache/tiny_thumbnail/artwork/182/182thebox2014forwebsite.png
194,Zachariah,36 x 48 in | 91.5 x 122 cm,11,2016,/artwork/zachariah,,/artwork/zachariah,226,7/23/16 12:32,Yes,http://www.enaswansea.com/sites/default/files/artwork/194/194zachariah150dpiforwebsite.jpg,http://www.enaswansea.com/sites/default/files/imagecache/tiny_thumbnail/artwork/194/194zachariah150dpiforwebsite.jpg
46,unexpected letter,36 x 48 in (91.44 x 121.92 cm),12,2004,/artwork/unexpected-letter,"oil on graphite on canvas, 36 x 48 in (91.44 x 121.92 cm)",/artwork/unexpected-letter,99,9/24/10 20:41,Yes,http://www.enaswansea.com/sites/default/files/artwork/46/47unexpectedletter150.jpg,http://www.enaswansea.com/sites/default/files/imagecache/tiny_thumbnail/artwork/46/47unexpectedletter150.jpg
68,supermodel,96 x 72 in (234.8 x 182.9 cm),12,2005,/artwork/supermodel,"oil on graphite on linen, 96 x 72 in (234.8 x 182.9 cm)",/artwork/supermodel,77,9/24/10 20:41,Yes,http://www.enaswansea.com/sites/default/files/artwork/68/68supermodel.jpg,http://www.enaswansea.com/sites/default/files/imagecache/tiny_thumbnail/artwork/68/68supermodel.jpg
79,some people,76 x 114 in (193.04 x 289.56 cm),12,2006,/artwork/some-people,"oil on graphite on linen, 76 x 114 in (193.04 x 289.56 cm)",/artwork/some-people,66,9/24/10 20:41,Yes,http://www.enaswansea.com/sites/default/files/artwork/79/81somepeople150.jpg,http://www.enaswansea.com/sites/default/files/imagecache/tiny_thumbnail/artwork/79/81somepeople150.jpg
159,14th St pile field,18 x 24 in | 46 x 61 cm,12,2013,/artwork/14th-st-pile-field-1,,/artwork/14th-st-pile-field-1,189,5/16/13 13:16,Yes,http://www.enaswansea.com/sites/default/files/artwork/159/15914thstreetpilefieldforwebsite.jpg,http://www.enaswansea.com/sites/default/files/imagecache/tiny_thumbnail/artwork/159/15914thstreetpilefieldforwebsite.jpg
178,Kat,28 x 54 in | 71 x 137 cm,12,2014,/artwork/kat,,/artwork/kat,211,9/2/14 15:38,Yes,http://www.enaswansea.com/sites/default/files/artwork/178/178katforwebsite.png,http://www.enaswansea.com/sites/default/files/imagecache/tiny_thumbnail/artwork/178/178katforwebsite.png
33,airplane wing,48 x 72 in (122 x 183 cm),13,2004,/artwork/airplane-wing,"oil on graphite on linen, 48 x 72 in (122 x 183 cm)",/artwork/airplane-wing,112,9/24/10 20:41,Yes,http://www.enaswansea.com/sites/default/files/artwork/33/34airplanewing150.jpg,http://www.enaswansea.com/sites/default/files/imagecache/tiny_thumbnail/artwork/33/34airplanewing150.jpg
63,big wet head,96 x 108 in (234.8 x 274.3 cm),13,2005,/artwork/big-wet-head,"oil on graphite on linen, 96 x 108 in (234.8 x 274.3 cm)",/artwork/big-wet-head,82,9/24/10 20:41,Yes,http://www.enaswansea.com/sites/default/files/artwork/63/63bigwethead.jpg,http://www.enaswansea.com/sites/default/files/imagecache/tiny_thumbnail/artwork/63/63bigwethead.jpg
74,cop on patrol,76 x 118 in (193 x 300 cm),13,2006,/artwork/cop-on-patrol,"oil on graphite on linen, 76 x 118 in (193 x 300 cm)",/artwork/cop-on-patrol,71,9/24/10 20:41,Yes,http://www.enaswansea.com/sites/default/files/artwork/74/76coponpatrol.jpg,http://www.enaswansea.com/sites/default/files/imagecache/tiny_thumbnail/artwork/74/76coponpatrol.jpg
158,14th St pile field,18 x 24 in | 46 x 61 cm,13,2013,/artwork/14th-st-pile-field-0,,/artwork/14th-st-pile-field-0,188,5/16/13 13:14,Yes,http://www.enaswansea.com/sites/default/files/artwork/158/15814thstreetpilefield02forwebsite.jpg,http://www.enaswansea.com/sites/default/files/imagecache/tiny_thumbnail/artwork/158/15814thstreetpilefield02forwebsite.jpg
178,"""sofa""","large version, 2 artist proofs, exhibition view",13,2014,/artwork/sofa,,/artwork/sofa,209,1/28/14 19:38,Yes,http://www.enaswansea.com/sites/default/files/artwork/178/177sofaview1forwebsite.png,http://www.enaswansea.com/sites/default/files/imagecache/tiny_thumbnail/artwork/178/177sofaview1forwebsite.png
26,lie down I think I want you,60 x 96 in (152.4 x 243.8 cm),14,2004,/artwork/lie-down-i-think-i-want-you,"pencil on paper, 60 x 96 in (152.4 x 243.8 cm)",/artwork/lie-down-i-think-i-want-you,119,9/24/10 20:41,Yes,http://www.enaswansea.com/sites/default/files/artwork/26/27liedownithinkiwantyou150.jpg,http://www.enaswansea.com/sites/default/files/imagecache/tiny_thumbnail/artwork/26/27liedownithinkiwantyou150.jpg
69,mysterious problem,94 x 136 in (238.8 x 345.4 cm),14,2005,/artwork/mysterious-problem,"oil on graphite on linen, 94 x 136 in (238.8 x 345.4 cm)",/artwork/mysterious-problem,76,9/24/10 20:41,Yes,http://www.enaswansea.com/sites/default/files/artwork/69/69mysteriousproblem.jpg,http://www.enaswansea.com/sites/default/files/imagecache/tiny_thumbnail/artwork/69/69mysteriousproblem.jpg
75,pouring water into water,92 x 76 in (234 x 193 cm),14,2006,/artwork/pouring-water-into-water,"oil on graphite on linen, 92 x 76 in (234 x 193 cm)",/artwork/pouring-water-into-water,70,9/24/10 20:41,Yes,http://www.enaswansea.com/sites/default/files/artwork/75/77pouringwaterintowater150.jpg,http://www.enaswansea.com/sites/default/files/imagecache/tiny_thumbnail/artwork/75/77pouringwaterintowater150.jpg
52,blind,60 x 84 in (152.4 x 213.36 cm),15,2004,/artwork/blind,"oil on graphite on linen, 60 x 84 in (152.4 x 213.36 cm)",/artwork/blind,93,9/24/10 20:41,Yes,http://www.enaswansea.com/sites/default/files/artwork/52/53blind150.jpg,http://www.enaswansea.com/sites/default/files/imagecache/tiny_thumbnail/artwork/52/53blind150.jpg
57,devil on the road 2005,72 x 96 in (182.9 x 243.8 cm),15,2005,/artwork/devil-on-the-road-2005,"oil on graphite on linen, 72 x 96 in (182.9 x 243.8 cm)",/artwork/devil-on-the-road-2005,88,9/24/10 20:41,Yes,http://www.enaswansea.com/sites/default/files/artwork/57/57devilontheroad2005.jpg,http://www.enaswansea.com/sites/default/files/imagecache/tiny_thumbnail/artwork/57/57devilontheroad2005.jpg
73,self love,48 x 60 in (121.92 x 152.4 cm),15,2006,/artwork/self-love,"oil on graphite on linen, 48 x 60 in (121.92 x 152.4 cm)",/artwork/self-love,72,9/24/10 20:41,Yes,http://www.enaswansea.com/sites/default/files/artwork/73/75selflove150.jpg,http://www.enaswansea.com/sites/default/files/imagecache/tiny_thumbnail/artwork/73/75selflove150.jpg
41,dinner party,90 x 180 in (228.6 x 457.2 cm),16,2004,/artwork/dinner-party,"oil on graphite on linen, 90 x 180 in (228.6 x 457.2 cm)",/artwork/dinner-party,104,9/24/10 20:41,Yes,http://www.enaswansea.com/sites/default/files/artwork/41/42dinnerparty150.jpg,http://www.enaswansea.com/sites/default/files/imagecache/tiny_thumbnail/artwork/41/42dinnerparty150.jpg
60,fifth avenue,80 x 220 in (203.2 x 558.8 cm) - diptych,16,2005,/artwork/fifth-avenue,"oil on graphite on linen, 80 x 220 in (203.2 x 558.8 cm) - diptych",/artwork/fifth-avenue,85,9/24/10 20:41,Yes,http://www.enaswansea.com/sites/default/files/artwork/60/605thavenue.jpg,http://www.enaswansea.com/sites/default/files/imagecache/tiny_thumbnail/artwork/60/605thavenue.jpg
42,fiancelles,60 x 84 in (152.4 x 213.3 cm),17,2004,/artwork/fiancelles,"oil on graphite on linen, 60 x 84 in (152.4 x 213.3 cm)",/artwork/fiancelles,103,9/24/10 20:41,Yes,http://www.enaswansea.com/sites/default/files/artwork/42/43fiancelles150.jpg,http://www.enaswansea.com/sites/default/files/imagecache/tiny_thumbnail/artwork/42/43fiancelles150.jpg
43,klemens,60 x 36 in (152.4 x 91.4 cm),18,2004,/artwork/klemens,"oil on graphite on linen, 60 x 36 in (152.4 x 91.4 cm)",/artwork/klemens,102,9/24/10 20:41,Yes,http://www.enaswansea.com/sites/default/files/artwork/43/43klemens.jpg,http://www.enaswansea.com/sites/default/files/imagecache/tiny_thumbnail/artwork/43/43klemens.jpg
44,small open drawbridge accident,60 x 36 in (152.4 x 91.4 cm),19,2004,/artwork/small-open-drawbridge-accident,"oil on graphite on linen, 60 x 36 in (152.4 x 91.4 cm)",/artwork/small-open-drawbridge-accident,101,9/24/10 20:41,Yes,http://www.enaswansea.com/sites/default/files/artwork/44/44smallopendrawbridgeaccident.jpg,http://www.enaswansea.com/sites/default/files/imagecache/tiny_thumbnail/artwork/44/44smallopendrawbridgeaccident.jpg
37,devil on the road,56 x 56 in (142.24 x 142.24 cm),20,2004,/artwork/devil-on-the-road,"oil on graphite on linen, 56 x 56 in (142.24 x 142.24 cm)",/artwork/devil-on-the-road,108,9/24/10 20:41,Yes,http://www.enaswansea.com/sites/default/files/artwork/37/37devilontheroad.jpg,http://www.enaswansea.com/sites/default/files/imagecache/tiny_thumbnail/artwork/37/37devilontheroad.jpg
23,not quite decided,60 x 36 in (152 x 91.5 cm),21,2004,/artwork/not-quite-decided,"oil on graphite on linen, 60 x 36 in (152 x 91.5 cm)",/artwork/not-quite-decided,122,9/24/10 20:55,Yes,http://www.enaswansea.com/sites/default/files/artwork/23/23notquitedecided.jpg,http://www.enaswansea.com/sites/default/files/imagecache/tiny_thumbnail/artwork/23/23notquitedecided.jpg
